Learning Path,Topic,Section,Problem Name,Difficulty,URL
Data Structures,Array,Pattern: Two Pointers (Direct),Flip Characters,Easy,https://www.codeintuition.io/courses/array/v68C9oDTLe3z90jBBOdAB
Data Structures,Array,Pattern: Two Pointers (Direct),Palindrome Checker,Easy,https://www.codeintuition.io/courses/array/pTJ82C-tcrd_mpXj3YDA8
Data Structures,Array,Pattern: Two Pointers (Direct),Vowel Exchange,Easy,https://www.codeintuition.io/courses/array/zYAsf-P_QnxmbTc3RlN1c
Data Structures,Array,Pattern: Two Pointers (Direct),Reverse Words,Easy,https://www.codeintuition.io/courses/array/7RaTsdGSXLO4NDAd_9W1H
Data Structures,Array,Pattern: Two Pointers (Direct),Reverse Segments,Easy,https://www.codeintuition.io/courses/array/aRrQadUtLj2-l2fcbWYUY
Data Structures,Array,Pattern: Two Pointers (Direct),Reverse Word Order,Medium,https://www.codeintuition.io/courses/array/F_yh3iVY76ckl-73VRttv
Data Structures,Array,Pattern: Two Pointers (Reduction),Two Sum,Easy,https://www.codeintuition.io/courses/array/a93Jp5x5gul3DATPBN-QH
Data Structures,Array,Pattern: Two Pointers (Reduction),Target Limited Two Sum,Easy,https://www.codeintuition.io/courses/array/1UU7-lOhc2qD3Sq6bUhbO
Data Structures,Array,Pattern: Two Pointers (Reduction),Duplicate Aware Two Sum,Easy,https://www.codeintuition.io/courses/array/S8V0J2rLQ6QS5IKbw3LKu
Data Structures,Array,Pattern: Two Pointers (Reduction),Largest Container,Medium,https://www.codeintuition.io/courses/array/afjinABhBDZ8dpuyVVmNF
Data Structures,Array,Pattern: Two Pointers (Subproblem),K Rotations,Medium,https://www.codeintuition.io/courses/array/yRlN9eNv96qa79KenFAJH
Data Structures,Array,Pattern: Two Pointers (Subproblem),Three Sum,Medium,https://www.codeintuition.io/courses/array/Jy7nFPYknUdxREpz4gmFX
Data Structures,Array,Pattern: Two Pointers (Subproblem),Approximate Three Sum,Medium,https://www.codeintuition.io/courses/array/aCtftExs1k-sXFIMxeKhc
Data Structures,Array,Pattern: Two Pointers (Subproblem),Four Sum,Medium,https://www.codeintuition.io/courses/array/gN1AAnLYLRchfhMKESZIF
Data Structures,Array,Pattern: Simultaneous Traversal,Subsequence Checker,Easy,https://www.codeintuition.io/courses/array/i_-vhi0FTzWjPzK-jiC9I
Data Structures,Array,Pattern: Simultaneous Traversal,Merge Sorted Arrays,Easy,https://www.codeintuition.io/courses/array/mUDWWumLGcecx0UaKm_At
Data Structures,Array,Pattern: Simultaneous Traversal,Unique Intersections,Easy,https://www.codeintuition.io/courses/array/ATMq7DqLtrhAwjYeZBoTn
Data Structures,Array,Pattern: Simultaneous Traversal,Repeated Intersections,Easy,https://www.codeintuition.io/courses/array/t9rT8t3MIIMTgpAYSRgZk
Data Structures,Array,Pattern: Fixed Sized Sliding Window,Subarray Size Equals K,Easy,https://www.codeintuition.io/courses/array/wl6Vsafij7GbFIk1q1DzQ
Data Structures,Array,Pattern: Fixed Sized Sliding Window,Maximum Ones,Easy,https://www.codeintuition.io/courses/array/DZtTNRlEl7AxZU3Y1txlB
Data Structures,Array,Pattern: Fixed Sized Sliding Window,Negative Window,Easy,https://www.codeintuition.io/courses/array/5RRxT0_p-TEJ055oiFEJp
Data Structures,Array,Pattern: Fixed Sized Sliding Window,Even Odd Count,Easy,https://www.codeintuition.io/courses/array/aGTHkJg-UMDcJRH_KXgwC
Data Structures,Array,Pattern: Variable Sized Sliding Window,Consecutive Ones,Easy,https://www.codeintuition.io/courses/array/oVjNz_MAA1rG01UbjTjfk
Data Structures,Array,Pattern: Variable Sized Sliding Window,Product Conundrum,Medium,https://www.codeintuition.io/courses/array/dyvZIAbuY7qRG87NOKMLv
Data Structures,Array,Pattern: Variable Sized Sliding Window,Maximum Subarray Sum,Medium,https://www.codeintuition.io/courses/array/DT5r1BKAj3BlzaR-hCMA3
Data Structures,Array,Pattern: Variable Sized Sliding Window,Consecutive Ones With K Flips,Medium,https://www.codeintuition.io/courses/array/Ec8ei3jWveS4MO69Zzyei
Data Structures,Array,Pattern: Interval Merging,Verify Schedule,Easy,https://www.codeintuition.io/courses/array/BQX0q8E6ZJaapBovekEPH
Data Structures,Array,Pattern: Interval Merging,Overlap Reduction,Medium,https://www.codeintuition.io/courses/array/JVfhWDrxjj23nAkePT13G
Data Structures,Array,Pattern: Interval Merging,Employee Free Time,Medium,https://www.codeintuition.io/courses/array/5Kv1LpZ33wHvrXwXOdLjY
Data Structures,Array,Pattern: Interval Merging,Insert Interval,Medium,https://www.codeintuition.io/courses/array/M5MVWdhs_MxlZLH4M6It3
Data Structures,Array,Pattern: Maximum Overlap,Minimum Meeting Rooms,Medium,https://www.codeintuition.io/courses/array/-QMA1ADUOCJIBU-isumua
Data Structures,Array,Pattern: Maximum Overlap,Remove Intervals,Medium,https://www.codeintuition.io/courses/array/DqgmNS4hPbh22VLfLwstb
Data Structures,Array,Pattern: Maximum Overlap,Busiest Interval,Medium,https://www.codeintuition.io/courses/array/hjDk2hTCmn-xfb6JjiEOo
Data Structures,Array,Pattern: Maximum Overlap,Peak Resource Requirement,Medium,https://www.codeintuition.io/courses/array/ys374CydCXf_Bu3Q-gC-t
Data Structures,Array,Design,Design a Dynamic Array,Hard,https://www.codeintuition.io/courses/array/E_FxUmAFj9ERcXu-DYTzE
Data Structures,Array,Multidimensional Arrays,Row Major Traversal,Fundamental,https://www.codeintuition.io/courses/array/WCoqw2UhKS8k3FMLZwy7L
Data Structures,Array,Multidimensional Arrays,Column Major Traversal,Fundamental,https://www.codeintuition.io/courses/array/t3n1nJumgnez50wmM2qsc
Data Structures,Singly Linked List,Introduction,Boundary Node,Easy,https://www.codeintuition.io/courses/singly-linked-list/_pSrHF6Y0rH08yF2qf2xq
Data Structures,Singly Linked List,Traversal,Node Expedition,Fundamental,https://www.codeintuition.io/courses/singly-linked-list/vaF5i7Ncp5gS9RbiA_PCu
Data Structures,Singly Linked List,Traversal,Node Search,Fundamental,https://www.codeintuition.io/courses/singly-linked-list/ww4Y4f6HXw2bv2rhCUVfT
Data Structures,Singly Linked List,Traversal,Length of the List,Fundamental,https://www.codeintuition.io/courses/singly-linked-list/-n1--kiOQutgYToD4oOqE
Data Structures,Singly Linked List,Insertion,Insert at Beginning,Fundamental,https://www.codeintuition.io/courses/singly-linked-list/SQ3INbrn-FagqTYvL9z4h
Data Structures,Singly Linked List,Insertion,Insert at End,Fundamental,https://www.codeintuition.io/courses/singly-linked-list/XJ6_Wx8Gx3K8GNtZeCbnB
Data Structures,Singly Linked List,Insertion,Insert After the Given Node,Fundamental,https://www.codeintuition.io/courses/singly-linked-list/wr_ps8liKie6zSzoWelOR
Data Structures,Singly Linked List,Insertion,Insert Before the Given Node,Fundamental,https://www.codeintuition.io/courses/singly-linked-list/bLYB5fwiXS3qkIF7JTHV6
Data Structures,Singly Linked List,Insertion,Insert at Given Distance,Fundamental,https://www.codeintuition.io/courses/singly-linked-list/3zMW2MyJXxXks0vVO8UYR
Data Structures,Singly Linked List,Deletion,Delete First Node,Fundamental,https://www.codeintuition.io/courses/singly-linked-list/Elcq-oM-JUfrL1oRkm7eg
Data Structures,Singly Linked List,Deletion,Delete Last Node,Fundamental,https://www.codeintuition.io/courses/singly-linked-list/MGAJ9QxEPEJCn_0WWB8aE
Data Structures,Singly Linked List,Deletion,Delete Node With Given Data,Fundamental,https://www.codeintuition.io/courses/singly-linked-list/n2iFQZa_a4uSpRNDtWfqL
Data Structures,Singly Linked List,Deletion,Delete Nodes With Given Data,Fundamental,https://www.codeintuition.io/courses/singly-linked-list/mJVsRO9GthC6UFUgOGWUs
Data Structures,Singly Linked List,Deletion,Delete Node After the Given Node,Fundamental,https://www.codeintuition.io/courses/singly-linked-list/ZmFGeot5e_tTOu5p9yRIz
Data Structures,Singly Linked List,Deletion,Delete Node Before the Given Node,Fundamental,https://www.codeintuition.io/courses/singly-linked-list/u6ZsuIoYAIeKvXv5oYHGR
Data Structures,Singly Linked List,Deletion,Delete the Given Node,Fundamental,https://www.codeintuition.io/courses/singly-linked-list/q221gcuuYdfrb490F-1kA
Data Structures,Singly Linked List,Deletion,Delete Node at Given Distance,Fundamental,https://www.codeintuition.io/courses/singly-linked-list/o_w_Sic9O4_sFr4fz8qg9
Data Structures,Singly Linked List,Cycle Detection,Detect Cycle,Easy,https://www.codeintuition.io/courses/singly-linked-list/I9b8oNAPvH1ZDKPhJsC8o
Data Structures,Singly Linked List,Cycle Detection,Remove Loop,Medium,https://www.codeintuition.io/courses/singly-linked-list/HpNJACJGy9NMi8-Af9qgQ
Data Structures,Singly Linked List,Pattern: Reversal,Reverse a List,Easy,https://www.codeintuition.io/courses/singly-linked-list/fj320_RSCGMBMA59Djhny
Data Structures,Singly Linked List,Pattern: Reversal,Reverse First K Nodes,Easy,https://www.codeintuition.io/courses/singly-linked-list/kNOO97xiozbxfHz09S0Ja
Data Structures,Singly Linked List,Pattern: Reversal,Reverse Last K Nodes,Medium,https://www.codeintuition.io/courses/singly-linked-list/s6vzzJlnghs0jTsZ0V9lF
Data Structures,Singly Linked List,Pattern: Reversal,Reverse the Given Segment,Medium,https://www.codeintuition.io/courses/singly-linked-list/ncgSMrZhpuhCP6w-taipP
Data Structures,Singly Linked List,Pattern: Reversal (Subproblem),Pairwise Swap,Medium,https://www.codeintuition.io/courses/singly-linked-list/uz_pHeIO1GBnScPuAUFuI
Data Structures,Singly Linked List,Pattern: Reversal (Subproblem),Reverse K-Segments,Hard,https://www.codeintuition.io/courses/singly-linked-list/roKlBbj7H5H-ltjSr8U3T
Data Structures,Singly Linked List,Pattern: Reversal (Subproblem),Reverse Increasing Groups,Hard,https://www.codeintuition.io/courses/singly-linked-list/Tf4r5ZbwiHod9Ei67FiDI
Data Structures,Singly Linked List,Pattern: Reversal (Subproblem),Reverse Alternate Segments,Hard,https://www.codeintuition.io/courses/singly-linked-list/9aOInh8iBLxYF5y9lO9f4
Data Structures,Singly Linked List,Pattern: Sliding Window Traversal,K Maximum Sum,Medium,https://www.codeintuition.io/courses/singly-linked-list/1o7Nyp2MDZaBRwHMw2K91
Data Structures,Singly Linked List,Pattern: Sliding Window Traversal,Trim Nth Node,Medium,https://www.codeintuition.io/courses/singly-linked-list/V9YPuDzXZRgRVZ9z7uLNq
Data Structures,Singly Linked List,Pattern: Sliding Window Traversal,Swap Nth Nodes,Medium,https://www.codeintuition.io/courses/singly-linked-list/xkml_oY4sC0Yc2u502kbM
Data Structures,Singly Linked List,Pattern: Sliding Window Traversal,K Rotations,Medium,https://www.codeintuition.io/courses/singly-linked-list/4IrMdzOi35NiugPeOzzoN
Data Structures,Singly Linked List,Pattern: Fast and Slow Pointers,Middle Node Search,Easy,https://www.codeintuition.io/courses/singly-linked-list/vexIeWZdDHtvp86q2KIsn
Data Structures,Singly Linked List,Pattern: Fast and Slow Pointers,Split List in Half,Easy,https://www.codeintuition.io/courses/singly-linked-list/A6_2_zPH1GbNCyrzcdMye
Data Structures,Singly Linked List,Pattern: Fast and Slow Pointers,Equal Halves,Medium,https://www.codeintuition.io/courses/singly-linked-list/yIgFsOQGwvqUKTC5nD_oT
Data Structures,Singly Linked List,Pattern: Fast and Slow Pointers,Palindrome Checker,Medium,https://www.codeintuition.io/courses/singly-linked-list/YDhHoouqQsz6MXwNBD-Rm
Data Structures,Singly Linked List,Pattern: Split,Even Odd Split,Medium,https://www.codeintuition.io/courses/singly-linked-list/1g05bag65D3TZlhF6zJmf
Data Structures,Singly Linked List,Pattern: Split,Split Alternate Groups,Medium,https://www.codeintuition.io/courses/singly-linked-list/75Ly41GmiM9Mbt3pGYgCA
Data Structures,Singly Linked List,Pattern: Split,Split By Modulo,Medium,https://www.codeintuition.io/courses/singly-linked-list/R8SDl-el0pxOpGyVle5nj
Data Structures,Singly Linked List,Pattern: Split,K-Way List Split,Medium,https://www.codeintuition.io/courses/singly-linked-list/dumzpxXh9sb9m4mTqiQtq
Data Structures,Singly Linked List,Pattern: Merge,Alternate Node Fusion,Easy,https://www.codeintuition.io/courses/singly-linked-list/tCbbxYAD0O7IWizhQwdLh
Data Structures,Singly Linked List,Pattern: Merge,Merge Sorted Lists,Easy,https://www.codeintuition.io/courses/singly-linked-list/xi9b7Ubug6TATHGs2aLZA
Data Structures,Singly Linked List,Pattern: Merge,Merge Sorted Lists II,Medium,https://www.codeintuition.io/courses/singly-linked-list/MXR8hspkStVT0CyxbXnCI
Data Structures,Singly Linked List,Pattern: Merge,List Addition,Medium,https://www.codeintuition.io/courses/singly-linked-list/MOWYA_yZ-eyrMdLIp_TMU
Data Structures,Singly Linked List,Pattern: Reorder,Relocate Node,Easy,https://www.codeintuition.io/courses/singly-linked-list/spPdZsjibO4LGmH6XmjLH
Data Structures,Singly Linked List,Pattern: Reorder,Parity Order,Medium,https://www.codeintuition.io/courses/singly-linked-list/ZB04aeHAI0hciEBhgXkdh
Data Structures,Singly Linked List,Pattern: Reorder,Value Partition,Medium,https://www.codeintuition.io/courses/singly-linked-list/MK6ys9jMDvEOGd7SYpRFD
Data Structures,Singly Linked List,Pattern: Reorder,Shuffle List,Medium,https://www.codeintuition.io/courses/singly-linked-list/Liikxf7h9hGL_S95ztwAU
Data Structures,Singly Linked List,Design,Design a Singly Linked List,Hard,https://www.codeintuition.io/courses/singly-linked-list/YXc0f7Q-C4kzrbnrcRe-a
Data Structures,Doubly Linked List,Traversal,Node Expedition,Fundamental,https://www.codeintuition.io/courses/doubly-linked-list/UbBlZxOx6AjXhupGgrrAH
Data Structures,Doubly Linked List,Traversal,Node Expedition II,Fundamental,https://www.codeintuition.io/courses/doubly-linked-list/rXcDCgw3Zrnoa6UsWjhtZ
Data Structures,Doubly Linked List,Traversal,Node Search,Fundamental,https://www.codeintuition.io/courses/doubly-linked-list/CCMUvrZvYLIJ-AB68IV50
Data Structures,Doubly Linked List,Insertion,Insert at Beginning,Fundamental,https://www.codeintuition.io/courses/doubly-linked-list/mErk7dABoiwzJvJfYYhDp
Data Structures,Doubly Linked List,Insertion,Insert at End,Fundamental,https://www.codeintuition.io/courses/doubly-linked-list/EuDVPErNpjq7XQNHSRfMY
Data Structures,Doubly Linked List,Insertion,Insert After the Given Node,Fundamental,https://www.codeintuition.io/courses/doubly-linked-list/FYIeuyIjOZbqpP6rokTHs
Data Structures,Doubly Linked List,Insertion,Insert Before the Given Node,Fundamental,https://www.codeintuition.io/courses/doubly-linked-list/FtLNVlilvQ1iHs-Z5qMzT
Data Structures,Doubly Linked List,Insertion,Insert at Given Distance,Fundamental,https://www.codeintuition.io/courses/doubly-linked-list/GjcrF2SM2Z4B4NXxjRrTL
Data Structures,Doubly Linked List,Deletion,Delete First Node,Fundamental,https://www.codeintuition.io/courses/doubly-linked-list/D-Hfk6PYXwN3ByVrZ8bOo
Data Structures,Doubly Linked List,Deletion,Delete Last Node,Fundamental,https://www.codeintuition.io/courses/doubly-linked-list/HLB8y0GvvQYHU-Wxc5V1n
Data Structures,Doubly Linked List,Deletion,Delete Node With Given Data,Fundamental,https://www.codeintuition.io/courses/doubly-linked-list/1udF0fK2Ou23gwmLbwlH7
Data Structures,Doubly Linked List,Deletion,Delete Nodes With Given Data,Fundamental,https://www.codeintuition.io/courses/doubly-linked-list/Qvw_Q2FFOxG-hJRbrGhxb
Data Structures,Doubly Linked List,Deletion,Delete Node After the Given Node,Fundamental,https://www.codeintuition.io/courses/doubly-linked-list/fmz-1ImasOm_ZBoYDtc9T
Data Structures,Doubly Linked List,Deletion,Delete Node Before the Given Node,Fundamental,https://www.codeintuition.io/courses/doubly-linked-list/XuQZ3HXhVAWNPqdW9NIa6
Data Structures,Doubly Linked List,Deletion,Delete the Given Node,Fundamental,https://www.codeintuition.io/courses/doubly-linked-list/pTE8SzDFtXIxmwsaiqE6A
Data Structures,Doubly Linked List,Deletion,Delete Node at Given Distance,Fundamental,https://www.codeintuition.io/courses/doubly-linked-list/PzfC4g02U-ci6MOydwTOQ
Data Structures,Doubly Linked List,Pattern: Reversal,Reverse a List,Easy,https://www.codeintuition.io/courses/doubly-linked-list/Muhc0AVoUoXcHb8hLYOpY
Data Structures,Doubly Linked List,Pattern: Reversal,Reverse First K Nodes,Easy,https://www.codeintuition.io/courses/doubly-linked-list/ke2NmhffRLh2bh5ci3S2u
Data Structures,Doubly Linked List,Pattern: Reversal,Reverse Last K Nodes,Medium,https://www.codeintuition.io/courses/doubly-linked-list/Lvrm8OfZ8QVeCtwMSHV8y
Data Structures,Doubly Linked List,Pattern: Reversal,Reverse the Given Segment,Medium,https://www.codeintuition.io/courses/doubly-linked-list/q-LCiTxWfGw5WfTq-vOgg
Data Structures,Doubly Linked List,Pattern: Reversal (Subproblem),Pairwise Swap,Medium,https://www.codeintuition.io/courses/doubly-linked-list/LloccimoAdOaA5jCVh3LA
Data Structures,Doubly Linked List,Pattern: Reversal (Subproblem),Reverse K-Segments,Hard,https://www.codeintuition.io/courses/doubly-linked-list/MqIdyjaACWE6lCWQPkbor
Data Structures,Doubly Linked List,Pattern: Reversal (Subproblem),Reverse Increasing Groups,Hard,https://www.codeintuition.io/courses/doubly-linked-list/Bxh830bVxO2vpqteZxgi0
Data Structures,Doubly Linked List,Pattern: Reversal (Subproblem),Reverse Alternate Segments,Hard,https://www.codeintuition.io/courses/doubly-linked-list/6SUHrVVt18Q5cc7NOuJPp
Data Structures,Doubly Linked List,Pattern: Two Pointers,Palindrome Number,Easy,https://www.codeintuition.io/courses/doubly-linked-list/bVV3iADELjwn6kK4uVJNd
Data Structures,Doubly Linked List,Pattern: Two Pointers,Two Sum,Medium,https://www.codeintuition.io/courses/doubly-linked-list/MXlFNPzPB5uiDz-rToqwK
Data Structures,Doubly Linked List,Pattern: Two Pointers,Duplicate Aware Two Sum,Medium,https://www.codeintuition.io/courses/doubly-linked-list/lglVMWgaR7rkUQV_ziJ4s
Data Structures,Doubly Linked List,Pattern: Two Pointers,Approximate Three Sum,Medium,https://www.codeintuition.io/courses/doubly-linked-list/xQLS3qHOU-zDxdqfs4Aiy
Data Structures,Doubly Linked List,Pattern: Reorder,Relocate Node,Easy,https://www.codeintuition.io/courses/doubly-linked-list/Iyg36jeWViatZO_Q2w3ge
Data Structures,Doubly Linked List,Pattern: Reorder,Parity Order,Medium,https://www.codeintuition.io/courses/doubly-linked-list/jlvpNSWUKRJThq6HKI1_H
Data Structures,Doubly Linked List,Pattern: Reorder,Value Partition,Medium,https://www.codeintuition.io/courses/doubly-linked-list/sKHcaBMvtdwBr48bD_7Ck
Data Structures,Doubly Linked List,Pattern: Reorder,Shuffle List,Medium,https://www.codeintuition.io/courses/doubly-linked-list/YNry5kVCX7k0WahSEcDUy
Data Structures,Doubly Linked List,Design,Design a Doubly Linked List,Hard,https://www.codeintuition.io/courses/doubly-linked-list/DH_9XIc70fw5EBK8Eb4UB
Data Structures,Hash Table,Collision Resolution Design,Design a Hash Table With Separate Chaining,Hard,https://www.codeintuition.io/courses/hash-table/LnHPtoC8SyYUCPCc9yMa8
Data Structures,Hash Table,Collision Resolution Design,Design a Hash Table With Linear Probing,Hard,https://www.codeintuition.io/courses/hash-table/heNj8zA4ghWvVGMG6zkr3
Data Structures,Hash Table,Collision Resolution Design,Design a Hash Table With Quadratic Probing,Hard,https://www.codeintuition.io/courses/hash-table/ewE3OY52bZek3SvOGQX1A
Data Structures,Hash Table,Collision Resolution Design,Design a Hash Table With Double Hashing,Hard,https://www.codeintuition.io/courses/hash-table/BIfMjHuZQ2qvjKKPUhXvn
Data Structures,Hash Table,Pattern: Counting,First Non Repeating Character,Easy,https://www.codeintuition.io/courses/hash-table/iwmK83E8AwdS-EyCuKUiB
Data Structures,Hash Table,Pattern: Counting,Constructibility Check,Easy,https://www.codeintuition.io/courses/hash-table/ke_QCnH8ROqa-z6J5SsHP
Data Structures,Hash Table,Pattern: Counting,Anagram Checker,Easy,https://www.codeintuition.io/courses/hash-table/oaRvugNe9Rd0YTdOm1nvu
Data Structures,Hash Table,Pattern: Counting,Build Palindrome,Easy,https://www.codeintuition.io/courses/hash-table/fhWiyXqgrPGomWC42GbRi
Data Structures,Hash Table,Pattern: Counting,Cluster Anagrams,Medium,https://www.codeintuition.io/courses/hash-table/nROY2-5uP3Ij5a0GOfqUD
Data Structures,Hash Table,Pattern: Pattern Generation,Row Specific Words,Easy,https://www.codeintuition.io/courses/hash-table/wNvX3lIA9F7n5KYx-D_ok
Data Structures,Hash Table,Pattern: Pattern Generation,Homomorphic Strings,Easy,https://www.codeintuition.io/courses/hash-table/bgVe45gu8GRuOpMR7oK0o
Data Structures,Hash Table,Pattern: Pattern Generation,Pattern Matching,Easy,https://www.codeintuition.io/courses/hash-table/CiUczeyG2Y7of_V0aSEmh
Data Structures,Hash Table,Pattern: Pattern Generation,Cluster Displaced Strings,Medium,https://www.codeintuition.io/courses/hash-table/UUDVZtQEiL-MavOCuNyDh
Data Structures,Hash Table,Pattern: Fixed Sized Sliding Window,Duplicate Detection,Medium,https://www.codeintuition.io/courses/hash-table/UQlapcrCbXG4lVyQrIKK8
Data Structures,Hash Table,Pattern: Fixed Sized Sliding Window,Subarray Distinctness,Medium,https://www.codeintuition.io/courses/hash-table/4DWGkO5PJ-O7v2Af3xFX5
Data Structures,Hash Table,Pattern: Fixed Sized Sliding Window,Contains Variation,Medium,https://www.codeintuition.io/courses/hash-table/n_C8eG6t2yZvSwkIurVlU
Data Structures,Hash Table,Pattern: Fixed Sized Sliding Window,Anagram Finder,Medium,https://www.codeintuition.io/courses/hash-table/Z_gETGeRhLeEdIZCgSf1M
Data Structures,Hash Table,Pattern: Variable Sized Sliding Window,Unique Character Span,Medium,https://www.codeintuition.io/courses/hash-table/LDiaYVyUlFuuABgmjGJ95
Data Structures,Hash Table,Pattern: Variable Sized Sliding Window,K Characters Span,Medium,https://www.codeintuition.io/courses/hash-table/LiPC29OElQUEYIAo1zazO
Data Structures,Hash Table,Pattern: Variable Sized Sliding Window,Maximal Character Swap,Medium,https://www.codeintuition.io/courses/hash-table/Nn5w74L_DkPd4UaIZWktp
Data Structures,Hash Table,Pattern: Variable Sized Sliding Window,Subarray Sum Equals K,Medium,https://www.codeintuition.io/courses/hash-table/JGa-t9NkzI6vdx7q2xE-c
Data Structures,Hash Table,Pattern: Variable Sized Sliding Window,Twin in Proximity,Medium,https://www.codeintuition.io/courses/hash-table/_ewSXw78yiam27uRsxJsS
Data Structures,Hash Table,Pattern: Prefix Sum,First Equilibrium Point,Medium,https://www.codeintuition.io/courses/hash-table/KyhDQaca7IiMC0RpsEYWu
Data Structures,Hash Table,Pattern: Prefix Sum,Self Excluded Array Product,Medium,https://www.codeintuition.io/courses/hash-table/Eh4Oii0rCoETeDv8ZChd5
Data Structures,Hash Table,Pattern: Prefix Sum,Balanced Binary Subarray,Medium,https://www.codeintuition.io/courses/hash-table/AteQzZ-lAOGM0w-QNekgz
Data Structures,Hash Table,Pattern: Prefix Sum,Zero Sum Subarrays,Medium,https://www.codeintuition.io/courses/hash-table/s5oH7wJoftisBw2xsbqmB
Data Structures,Hash Table,Design,Design a LRU Cache,Medium,https://www.codeintuition.io/courses/hash-table/75twEV2xYIOdYktdwsY_u
Data Structures,Hash Table,Design,Design a Randomised Set,Medium,https://www.codeintuition.io/courses/hash-table/-b95iaViD4Imyh9voi4nI
Data Structures,Stack,Array Implementation,Design a Stack Using an Array,Medium,https://www.codeintuition.io/courses/stack/XNcZYJaoRm3iHV5pfAcf0
Data Structures,Stack,Array Implementation,Design Two Stacks in an Array,Medium,https://www.codeintuition.io/courses/stack/uKzj0SkQepjVJ3girDEou
Data Structures,Stack,Linked List Implementation,Design a Stack Using a Linked List,Medium,https://www.codeintuition.io/courses/stack/sUiRePfYUVZfPbb_sfmJQ
Data Structures,Stack,Expression Evaluation,Evaluate a Postfix Expression,Medium,https://www.codeintuition.io/courses/stack/QD5x0_assvNYsAPUUZD2E
Data Structures,Stack,Expression Evaluation,Evaluate a Prefix Expression,Medium,https://www.codeintuition.io/courses/stack/wamQf55vZlJBLLjV5AKks
Data Structures,Stack,Expression Evaluation,Evaluate an Infix Expression,Hard,https://www.codeintuition.io/courses/stack/uPvpB9MgYINItHGDGRdg8
Data Structures,Stack,Expression Conversion,Convert Postfix to Prefix,Easy,https://www.codeintuition.io/courses/stack/sGJsNWFfQ2JRofQw2gmCk
Data Structures,Stack,Expression Conversion,Convert Postfix to Infix,Easy,https://www.codeintuition.io/courses/stack/U2lXGhXq1iM9BuRSqTNR9
Data Structures,Stack,Expression Conversion,Convert Prefix to Postfix,Easy,https://www.codeintuition.io/courses/stack/R2fpJHminFt0OG6blAEAR
Data Structures,Stack,Expression Conversion,Convert Prefix to Infix,Easy,https://www.codeintuition.io/courses/stack/Ab-m3SajhUQOANznRzfst
Data Structures,Stack,Expression Conversion,Convert Infix to Postfix,Hard,https://www.codeintuition.io/courses/stack/PeowUySfRpY1uq8jWcc3P
Data Structures,Stack,Expression Conversion,Convert Infix to Prefix,Hard,https://www.codeintuition.io/courses/stack/eJkUaaF4Nh1OqprqRxj6T
Data Structures,Stack,Pattern: Reversal,Stack Inversion,Easy,https://www.codeintuition.io/courses/stack/OKiemileoITxeb1dzad7n
Data Structures,Stack,Pattern: Reversal,Reverse the String,Easy,https://www.codeintuition.io/courses/stack/7GV2qQH7l8O7VWjDf3gJh
Data Structures,Stack,Pattern: Reversal,Reverse an Array,Easy,https://www.codeintuition.io/courses/stack/lXukTGYnlC7uLI5boRBAP
Data Structures,Stack,Pattern: Reversal,Reverse Word Order,Medium,https://www.codeintuition.io/courses/stack/m5Q62NeArW9t-7ZPQqSIJ
Data Structures,Stack,Pattern: Previous Closest Occurrence,Preceding Superior Element,Easy,https://www.codeintuition.io/courses/stack/TInEND-V_9_upubzDQwk2
Data Structures,Stack,Pattern: Previous Closest Occurrence,Preceding Inferior Element,Easy,https://www.codeintuition.io/courses/stack/wg19uEWxcOAUB8Msutu06
Data Structures,Stack,Pattern: Previous Closest Occurrence,Preceding Superior Element II,Medium,https://www.codeintuition.io/courses/stack/uV1EYrYYf8JyrU7TE5Mmj
Data Structures,Stack,Pattern: Previous Closest Occurrence,Preceding Inferior Element II,Medium,https://www.codeintuition.io/courses/stack/B8FHC7X4w6OVIfmONnT_S
Data Structures,Stack,Pattern: Next Closest Occurrence,Succeeding Superior Element,Easy,https://www.codeintuition.io/courses/stack/oLMmgGj4YiTXIXD7Q2Vj1
Data Structures,Stack,Pattern: Next Closest Occurrence,Succeeding Inferior Element,Easy,https://www.codeintuition.io/courses/stack/yTr941Ac-vQCjpXLaXbSa
Data Structures,Stack,Pattern: Next Closest Occurrence,Succeeding Superior Element II,Medium,https://www.codeintuition.io/courses/stack/sc-7lvVkdPW7LZgAs014U
Data Structures,Stack,Pattern: Next Closest Occurrence,Succeeding Inferior Element II,Medium,https://www.codeintuition.io/courses/stack/qdEbeeDGbzXWNbnQ7-3yM
Data Structures,Stack,Pattern: Next Closest Occurrence,Succeeding Superior Nodes,Medium,https://www.codeintuition.io/courses/stack/6XrrKUDk37rN1fevp6zTD
Data Structures,Stack,Pattern: Next Closest Occurrence,Retained Rainwater,Hard,https://www.codeintuition.io/courses/stack/6mcNRniMnQnd70Q3S5eGE
Data Structures,Stack,Pattern: Next Closest Occurrence,Largest Rectangle Area,Hard,https://www.codeintuition.io/courses/stack/qlFt6gZkbzWHUfXDHH_tM
Data Structures,Stack,Pattern: Sequence Validation,Parentheses Checker,Easy,https://www.codeintuition.io/courses/stack/OKZo9ke865ywNj1ECqKQi
Data Structures,Stack,Pattern: Sequence Validation,Minimum Edits,Easy,https://www.codeintuition.io/courses/stack/xOiqPTIPomYaO4TQhC-Wt
Data Structures,Stack,Pattern: Sequence Validation,Redundant Parentheses,Medium,https://www.codeintuition.io/courses/stack/2T4Nmjs8Wafb-8gOhOHE_
Data Structures,Stack,Pattern: Sequence Validation,Balanced Span,Hard,https://www.codeintuition.io/courses/stack/twbNWvogfP2PmsZ-VDIbg
Data Structures,Stack,Pattern: Linear Evaluation,Canonicalise Path,Medium,https://www.codeintuition.io/courses/stack/WsTielQEJ1AnEq-zb31AC
Data Structures,Stack,Pattern: Linear Evaluation,Bracketed Reversal,Medium,https://www.codeintuition.io/courses/stack/el4HjKWYsIDL1o7r4BadI
Data Structures,Stack,Pattern: Linear Evaluation,String Expansion,Medium,https://www.codeintuition.io/courses/stack/PATNY86Ee5N1DGdt41znJ
Data Structures,Stack,Pattern: Linear Evaluation,Formula Parsing,Hard,https://www.codeintuition.io/courses/stack/EhQOCTCTCDkCclszb41H7
Data Structures,Stack,Design,Design a Min Stack,Medium,https://www.codeintuition.io/courses/stack/61SD615RsS1NcmJwTLROw
Data Structures,Stack,Design,Design a Max Stack,Medium,https://www.codeintuition.io/courses/stack/QxYPM31-H-marEY7aHf1v
Data Structures,Queue,Design,Design a Queue Using Circular Array,Medium,https://www.codeintuition.io/courses/queue/IlagTQnJ8yTtkKUuwiTMI
Data Structures,Queue,Design,Design a Queue Using Linked List,Medium,https://www.codeintuition.io/courses/queue/mApmxShq9w2jS_vPVKoUR
Data Structures,Queue,Design,Design a Queue Using Stacks,Medium,https://www.codeintuition.io/courses/queue/KeZrJ4wNFFMAuT1_kGn60
Data Structures,Queue,Design,Design a Stack Using Queues,Medium,https://www.codeintuition.io/courses/queue/jGoBIv2hZnr0pnH7RmTLq
Data Structures,Queue,Design,Design a Stack Using a Single Queue,Medium,https://www.codeintuition.io/courses/queue/1kpNTc_QNAozxDdZcxX4J
Data Structures,Binary Tree,Recursive Traversals,Implement Recursive Preorder Traversal,Fundamental,https://www.codeintuition.io/courses/binary-tree/t-2xXOWDvfySSMLZ9n5sI
Data Structures,Binary Tree,Recursive Traversals,Implement Recursive Inorder Traversal,Fundamental,https://www.codeintuition.io/courses/binary-tree/78SaxEP9eADBta1UxhXOu
Data Structures,Binary Tree,Recursive Traversals,Implement Recursive Postorder Traversal,Fundamental,https://www.codeintuition.io/courses/binary-tree/6thL_zsUkXvM5eD03gNwu
Data Structures,Binary Tree,Iterative Traversals,Implement Iterative Preorder Traversal,Fundamental,https://www.codeintuition.io/courses/binary-tree/WEq73Oser_JvEBnhMTa7T
Data Structures,Binary Tree,Iterative Traversals,Implement Iterative Inorder Traversal,Fundamental,https://www.codeintuition.io/courses/binary-tree/8tO4IHiN0ciQL22V65yD6
Data Structures,Binary Tree,Iterative Traversals,Implement Iterative Postorder Traversal,Fundamental,https://www.codeintuition.io/courses/binary-tree/pnDCJ9-mr9yHLRf8pj5YW
Data Structures,Binary Tree,Iterative Traversals,Implement Level Order Traversal,Fundamental,https://www.codeintuition.io/courses/binary-tree/x_32d6jCh-FuqC9Gcyo69
Data Structures,Binary Tree,Construction,Construct Tree Using Preorder and Inorder Traversal,Fundamental,https://www.codeintuition.io/courses/binary-tree/EP-lIcl04nJocpd7YhUsN
Data Structures,Binary Tree,Construction,Construct Tree Using Postorder and Inorder Traversal,Fundamental,https://www.codeintuition.io/courses/binary-tree/J6sDCkt6dP3JMqLLn32LG
Data Structures,Binary Tree,Insertion,Insert at Root,Fundamental,https://www.codeintuition.io/courses/binary-tree/G203ESWwFePi5cZWIViVL
Data Structures,Binary Tree,Insertion,Recursively Insert a Leaf,Fundamental,https://www.codeintuition.io/courses/binary-tree/srpJ4gw7x1tlCasqu6fzx
Data Structures,Binary Tree,Insertion,Iteratively Insert a Leaf,Fundamental,https://www.codeintuition.io/courses/binary-tree/zQTnwcki89IrrUlIS6v1R
Data Structures,Binary Tree,Insertion,Insert a Child,Fundamental,https://www.codeintuition.io/courses/binary-tree/DEbAARizSj6FBuH85ge8B
Data Structures,Binary Tree,Insertion,Insert a Parent,Fundamental,https://www.codeintuition.io/courses/binary-tree/EuVrbABtdKtneRIiYse2J
Data Structures,Binary Tree,Pattern: Preorder Traversal (Stateless),Sum of Path,Easy,https://www.codeintuition.io/courses/binary-tree/gzqv3wSNB0fLtGUaHqIGq
Data Structures,Binary Tree,Pattern: Preorder Traversal (Stateless),Depth Assignment,Easy,https://www.codeintuition.io/courses/binary-tree/SYMkRw47nIVGc_nN-lv-2
Data Structures,Binary Tree,Pattern: Preorder Traversal (Stateless),Concatenated Path,Easy,https://www.codeintuition.io/courses/binary-tree/XBd1aDau-eOHbdhWluy9v
Data Structures,Binary Tree,Pattern: Preorder Traversal (Stateless),Increasing Path,Easy,https://www.codeintuition.io/courses/binary-tree/d7z7A1mA-eYBJXuX_EmLE
Data Structures,Binary Tree,Pattern: Preorder Traversal (Stateful),Duplicates in Path,Medium,https://www.codeintuition.io/courses/binary-tree/qcVrX0a45Hzs9LFOvKGJC
Data Structures,Binary Tree,Pattern: Preorder Traversal (Stateful),Second Minimum,Medium,https://www.codeintuition.io/courses/binary-tree/TfRLsk3DvvZZ4eLX6_KC2
Data Structures,Binary Tree,Pattern: Preorder Traversal (Stateful),Left View,Medium,https://www.codeintuition.io/courses/binary-tree/VQ3XEsi4ixZAvArd_50Yf
Data Structures,Binary Tree,Pattern: Preorder Traversal (Stateful),Right View,Medium,https://www.codeintuition.io/courses/binary-tree/VN5y0nj9hrbaH50Yr7DP3
Data Structures,Binary Tree,Pattern: Postorder Traversal (Stateless),Sum of Leaves,Easy,https://www.codeintuition.io/courses/binary-tree/QHxIbEyUDSpAdwnh4cLUe
Data Structures,Binary Tree,Pattern: Postorder Traversal (Stateless),Height of Binary Tree,Easy,https://www.codeintuition.io/courses/binary-tree/GXFycvfMF94E4A14c4kdA
Data Structures,Binary Tree,Pattern: Postorder Traversal (Stateless),Maximum Path Sum,Easy,https://www.codeintuition.io/courses/binary-tree/CcYCZ_L78G0WUZuAl79GI
Data Structures,Binary Tree,Pattern: Postorder Traversal (Stateless),Full Binary Tree,Medium,https://www.codeintuition.io/courses/binary-tree/3hGrmGdmfToloxwvwOnW2
Data Structures,Binary Tree,Pattern: Postorder Traversal (Stateless),Perfect Binary Tree,Medium,https://www.codeintuition.io/courses/binary-tree/zR72stwj9vKOH5MyCVooC
Data Structures,Binary Tree,Pattern: Postorder Traversal (Stateless),Collect Leaves,Medium,https://www.codeintuition.io/courses/binary-tree/o9xBIUwXA7q8D4kRWOlwE
Data Structures,Binary Tree,Pattern: Postorder Traversal (Stateful),Diameter of Tree,Easy,https://www.codeintuition.io/courses/binary-tree/7D8VO_D2WFnGmlT79LtgS
Data Structures,Binary Tree,Pattern: Postorder Traversal (Stateful),Descendants Sum Count,Medium,https://www.codeintuition.io/courses/binary-tree/S5Y6lSa1lt4BCUZvax1oG
Data Structures,Binary Tree,Pattern: Postorder Traversal (Stateful),Distribute Coins,Medium,https://www.codeintuition.io/courses/binary-tree/EuGerHj4zNCQdgmrr9vyj
Data Structures,Binary Tree,Pattern: Postorder Traversal (Stateful),Most Frequent Subtree Sum,Medium,https://www.codeintuition.io/courses/binary-tree/ncT-fWMEeb7ABVZkjDTm2
Data Structures,Binary Tree,Pattern: Postorder Traversal (Stateful),Longest Monotonic Path,Medium,https://www.codeintuition.io/courses/binary-tree/4_trmpij9BcM0n8FshxtK
Data Structures,Binary Tree,Pattern: Postorder Traversal (Stateful),Monotonic Subtree Count,Medium,https://www.codeintuition.io/courses/binary-tree/Sf3T-qYepqF81QX_Ndmtf
Data Structures,Binary Tree,Pattern: Postorder Traversal (Stateful),Path Sum Count,Medium,https://www.codeintuition.io/courses/binary-tree/wi9NlYyXoH_1CPoQGSPu4
Data Structures,Binary Tree,Pattern: Root to Leaf Path (Stateless),Root to Leaf Path,Easy,https://www.codeintuition.io/courses/binary-tree/IckowtD69rO9P0aniL50f
Data Structures,Binary Tree,Pattern: Root to Leaf Path (Stateless),Binary Summation of Tree,Easy,https://www.codeintuition.io/courses/binary-tree/nwe92HqLC7bef7PxDTfY-
Data Structures,Binary Tree,Pattern: Root to Leaf Path (Stateless),Even Path,Easy,https://www.codeintuition.io/courses/binary-tree/ogd3wlw28tBX5upbj1IeS
Data Structures,Binary Tree,Pattern: Root to Leaf Path (Stateless),Odd Count,Easy,https://www.codeintuition.io/courses/binary-tree/3sqCjRSiKeubpwhkDULom
Data Structures,Binary Tree,Pattern: Root to Leaf Path (Stateful),Root to Leaf Paths,Medium,https://www.codeintuition.io/courses/binary-tree/AeXH6FknJNkFz0Je1Rw5y
Data Structures,Binary Tree,Pattern: Root to Leaf Path (Stateful),Equal Paths,Medium,https://www.codeintuition.io/courses/binary-tree/ARsmRsSslpsO-t9Cf7yjG
Data Structures,Binary Tree,Pattern: Root to Leaf Path (Stateful),Duplicate Paths,Medium,https://www.codeintuition.io/courses/binary-tree/5jucIlHrd11dkk3v5JbQg
Data Structures,Binary Tree,Pattern: Root to Leaf Path (Stateful),Prefix Paths,Medium,https://www.codeintuition.io/courses/binary-tree/nwyeV0lWrNGPK18VhqO9-
Data Structures,Binary Tree,Pattern: Level Order Traversal,Level Sum,Medium,https://www.codeintuition.io/courses/binary-tree/9fL3An4CoPeH5uygVkUQh
Data Structures,Binary Tree,Pattern: Level Order Traversal,Deepest Leaves Sum,Medium,https://www.codeintuition.io/courses/binary-tree/0WFuKutxXjHP8wXGFO9VO
Data Structures,Binary Tree,Pattern: Level Order Traversal,Complete Binary Tree,Medium,https://www.codeintuition.io/courses/binary-tree/jv2oyC9UyvGM7IiXn-E8j
Data Structures,Binary Tree,Pattern: Level Order Traversal,Zigzag Traversal,Medium,https://www.codeintuition.io/courses/binary-tree/Rf5y4h0H5prvgmDUU27SF
Data Structures,Binary Tree,Pattern: Level Order Traversal,Cousin Check,Medium,https://www.codeintuition.io/courses/binary-tree/mFim0xWeWp8b9jhB5XPuy
Data Structures,Binary Tree,Pattern: Level Order Traversal (Columns),Top View,Medium,https://www.codeintuition.io/courses/binary-tree/5-NwDfrqBRJWClxqo47qD
Data Structures,Binary Tree,Pattern: Level Order Traversal (Columns),Bottom View,Medium,https://www.codeintuition.io/courses/binary-tree/4IDM8F70g2Axnwb4iY1V-
Data Structures,Binary Tree,Pattern: Level Order Traversal (Columns),Vertical Traversal,Medium,https://www.codeintuition.io/courses/binary-tree/jAFEIFIawRLvc2HI0PbCc
Data Structures,Binary Tree,Pattern: Level Order Traversal (Columns),Diagonal Traversal,Medium,https://www.codeintuition.io/courses/binary-tree/HE3KQIFxNmGaKa8O2GBQ3
Data Structures,Binary Tree,Pattern: Lowest Common Ancestor,Lowest Common Ancestor,Medium,https://www.codeintuition.io/courses/binary-tree/23LPmm1m-KZkwIIB1PG97
Data Structures,Binary Tree,Pattern: Lowest Common Ancestor,Lowest Common Ancestor II,Medium,https://www.codeintuition.io/courses/binary-tree/oBKOILQUJckfCPUNwMJXE
Data Structures,Binary Tree,Pattern: Lowest Common Ancestor,Random Lowest Common Ancestor,Medium,https://www.codeintuition.io/courses/binary-tree/phl49_XtJvsuHAHB-3U7C
Data Structures,Binary Tree,Pattern: Lowest Common Ancestor,Deepest Lowest Common Ancestor,Medium,https://www.codeintuition.io/courses/binary-tree/nnBm4Hi-j9gfPAAnUHCQ_
Data Structures,Binary Tree,Pattern: Lowest Common Ancestor,Distance Between Nodes,Medium,https://www.codeintuition.io/courses/binary-tree/j1X8mlH7RIoEQ4HQBinPy
Data Structures,Binary Tree,Pattern: Simultaneous Traversal,Identical Trees,Easy,https://www.codeintuition.io/courses/binary-tree/QNPqJOr1KU4-t6EJxOjT4
Data Structures,Binary Tree,Pattern: Simultaneous Traversal,Symmetry Detection,Easy,https://www.codeintuition.io/courses/binary-tree/jPieNCJZxekDUAyzuXacr
Data Structures,Binary Tree,Pattern: Simultaneous Traversal,Subtree Detection,Easy,https://www.codeintuition.io/courses/binary-tree/73TW763zTrxFxMOk10yDE
Data Structures,Binary Tree,Pattern: Simultaneous Traversal,Merge Trees,Easy,https://www.codeintuition.io/courses/binary-tree/07Wsv3tNRWlOIn42f_lub
Data Structures,Binary Tree,Practice: Mix Traversals,Boundary Traversal,Medium,https://www.codeintuition.io/courses/binary-tree/2t-TPjLE8qVZMy2p_NsjI
Data Structures,Binary Search Tree,Height & Balance,Balance Factor,Fundamental,https://www.codeintuition.io/courses/binary-search-tree/DZc4PcJkZ5Xmail17LXk2
Data Structures,Binary Search Tree,Height & Balance,Balance of Subtree,Fundamental,https://www.codeintuition.io/courses/binary-search-tree/vr_0UlXgTSoiOb5CDw8ma
Data Structures,Binary Search Tree,Height & Balance,Height Balanced Tree,Fundamental,https://www.codeintuition.io/courses/binary-search-tree/n00TycmgJ1Hw7u1JuOwaA
Data Structures,Binary Search Tree,Recursive Searching,Implement Recursive Search,Fundamental,https://www.codeintuition.io/courses/binary-search-tree/7rnpJBxtTuOnC8j-LB0IS
Data Structures,Binary Search Tree,Recursive Searching,Recursively Find Minimum,Fundamental,https://www.codeintuition.io/courses/binary-search-tree/QQFwP-Y5tAtYygJPj6SoT
Data Structures,Binary Search Tree,Recursive Searching,Recursively Find Maximum,Fundamental,https://www.codeintuition.io/courses/binary-search-tree/ERGI8hwIuiN996vjBKg-8
Data Structures,Binary Search Tree,Recursive Searching,Recursively Find Lower Bound,Fundamental,https://www.codeintuition.io/courses/binary-search-tree/pmSdGNYxrAv0a75xUyDpV
Data Structures,Binary Search Tree,Recursive Searching,Recursively Find Upper Bound,Fundamental,https://www.codeintuition.io/courses/binary-search-tree/-5pipl_mI9lGaRaFOjC6i
Data Structures,Binary Search Tree,Iterative Searching,Implement Iterative Search,Fundamental,https://www.codeintuition.io/courses/binary-search-tree/2NSrRbs-wjqPY9L_ih7eg
Data Structures,Binary Search Tree,Iterative Searching,Iteratively Find Minimum,Fundamental,https://www.codeintuition.io/courses/binary-search-tree/z7XDxNnC7L03V3iVgIfza
Data Structures,Binary Search Tree,Iterative Searching,Iteratively Find Maximum,Fundamental,https://www.codeintuition.io/courses/binary-search-tree/qyrP7Xt7rL-D9VtKhSEdi
Data Structures,Binary Search Tree,Iterative Searching,Iteratively Find Lower Bound,Fundamental,https://www.codeintuition.io/courses/binary-search-tree/-xII5p2kiQngqU_6aHkJh
Data Structures,Binary Search Tree,Iterative Searching,Iteratively Find Upper Bound,Fundamental,https://www.codeintuition.io/courses/binary-search-tree/-OUSfSCRd7VAIct0rTho5
Data Structures,Binary Search Tree,Iterative Searching,Closest Value,Easy,https://www.codeintuition.io/courses/binary-search-tree/lRhKUb6sYlrn7V4g0JVP_
Data Structures,Binary Search Tree,Insertion,Recursively Insert a Node,Fundamental,https://www.codeintuition.io/courses/binary-search-tree/eWdcIJp4S_sfy6ztjt_QY
Data Structures,Binary Search Tree,Insertion,Iteratively Insert a Node,Fundamental,https://www.codeintuition.io/courses/binary-search-tree/KJiCtkG1YaAd4KzwKr68L
Data Structures,Binary Search Tree,Deletion,Inorder Successor,Fundamental,https://www.codeintuition.io/courses/binary-search-tree/-qJIiGUt7_snRlnBS-g_6
Data Structures,Binary Search Tree,Deletion,Recursively Delete a Node,Fundamental,https://www.codeintuition.io/courses/binary-search-tree/VfmsHKCMNb5W_njXYYUKl
Data Structures,Binary Search Tree,Deletion,Iteratively Delete a Node,Fundamental,https://www.codeintuition.io/courses/binary-search-tree/UDQDKUD96KJmkqZGgLhXr
Data Structures,Binary Search Tree,Construction,Construct BST From a Sorted Array,Fundamental,https://www.codeintuition.io/courses/binary-search-tree/4uw5le5_qxhsa3K3upojX
Data Structures,Binary Search Tree,Construction,Construct BST From an Unsorted Array,Fundamental,https://www.codeintuition.io/courses/binary-search-tree/A08ScWjD2mfSZ4yrVHsh7
Data Structures,Binary Search Tree,Construction,Sorted Linked List to BST,Medium,https://www.codeintuition.io/courses/binary-search-tree/0yl_rYHFbATSGIT2dCCzk
Data Structures,Binary Search Tree,Lowest Common Ancestor,Lowest Common Ancestor,Medium,https://www.codeintuition.io/courses/binary-search-tree/4Mh7C57SrePXyEWVtcwkX
Data Structures,Binary Search Tree,Iterators,Design a Forward BST Iterator,Medium,https://www.codeintuition.io/courses/binary-search-tree/R9EvvRb53fUXXUDOWbZj4
Data Structures,Binary Search Tree,Iterators,Design a Reverse BST Iterator,Medium,https://www.codeintuition.io/courses/binary-search-tree/vKZgtha94QJkTxfIikhLK
Data Structures,Binary Search Tree,Pattern: Sorted Traversal,Lowest Absolute Variance,Easy,https://www.codeintuition.io/courses/binary-search-tree/2LY5j7WB9RVdsoZrGKCnT
Data Structures,Binary Search Tree,Pattern: Sorted Traversal,BST Validator,Easy,https://www.codeintuition.io/courses/binary-search-tree/m6rGRHwW1i6agm77i-YYS
Data Structures,Binary Search Tree,Pattern: Sorted Traversal,BST to Sorted Array,Easy,https://www.codeintuition.io/courses/binary-search-tree/DLCg4iQEB0byNEdtOyGXJ
Data Structures,Binary Search Tree,Pattern: Sorted Traversal,BST to DLL,Medium,https://www.codeintuition.io/courses/binary-search-tree/neR3xSa5MmaNouF5lOM2F
Data Structures,Binary Search Tree,Pattern: Reversed Sorted Traversal,Rank Nodes,Easy,https://www.codeintuition.io/courses/binary-search-tree/zGlNZgMHrRYUxH3gKoge0
Data Structures,Binary Search Tree,Pattern: Reversed Sorted Traversal,Kth Largest Element,Medium,https://www.codeintuition.io/courses/binary-search-tree/dpJELPDGc4MpVBNpvbQ4I
Data Structures,Binary Search Tree,Pattern: Reversed Sorted Traversal,Enriched Sum Tree,Medium,https://www.codeintuition.io/courses/binary-search-tree/B1AO9g0lg6TR4_pSKnUvS
Data Structures,Binary Search Tree,Pattern: Reversed Sorted Traversal,Multiple Replacement,Medium,https://www.codeintuition.io/courses/binary-search-tree/U9yqE1JszwfCxoKv2AlXk
Data Structures,Binary Search Tree,Pattern: Range Postorder,Range Summation,Medium,https://www.codeintuition.io/courses/binary-search-tree/CA72mnsXeJqKTxXM-Wv6S
Data Structures,Binary Search Tree,Pattern: Range Postorder,Range Diameter,Medium,https://www.codeintuition.io/courses/binary-search-tree/l80uGC-uzQiwBvRCzldjq
Data Structures,Binary Search Tree,Pattern: Range Postorder,Range Leaves,Medium,https://www.codeintuition.io/courses/binary-search-tree/P6QRd9i95RQyT5oKM2ghX
Data Structures,Binary Search Tree,Pattern: Range Postorder,Range Exclusive Trim,Medium,https://www.codeintuition.io/courses/binary-search-tree/7nzLLkASbZX-t6YPYBlNO
Data Structures,Binary Search Tree,Pattern: Two Pointer,Two Sum on BST,Medium,https://www.codeintuition.io/courses/binary-search-tree/CFD9R3mNQNz9fs_qMkTPB
Data Structures,Binary Search Tree,Pattern: Two Pointer,Multiple Tree,Medium,https://www.codeintuition.io/courses/binary-search-tree/3hsOnZI2ETpJw0qyUtdLc
Data Structures,Binary Search Tree,Pattern: Two Pointer,Median in BST,Medium,https://www.codeintuition.io/courses/binary-search-tree/TM2keAMOC8UnzAB8IxYU4
Data Structures,Binary Search Tree,Pattern: Two Pointer,BST Pair Sum,Medium,https://www.codeintuition.io/courses/binary-search-tree/3duWe0guUFCtJOMIDTxVg
Data Structures,Heap,Introduction,Tree Heap Validator,Medium,https://www.codeintuition.io/courses/heap/eHPp7-X7IibJubBvB236L
Data Structures,Heap,Array Implementation,Min Heap to Max Heap,Medium,https://www.codeintuition.io/courses/heap/qLIXKCkjkr7LH1yjQNRWz
Data Structures,Heap,Array Implementation,Max Heap to Min Heap,Medium,https://www.codeintuition.io/courses/heap/-aRhp9uTNs6ziF7iDWNlV
Data Structures,Heap,Pattern: Top K Elements,Kth Largest Element,Easy,https://www.codeintuition.io/courses/heap/D9-vFkQiq9Kv9iI4fzYVq
Data Structures,Heap,Pattern: Top K Elements,Kth Smallest Element,Easy,https://www.codeintuition.io/courses/heap/oESYIwsluhO_Xtx-yYjNE
Data Structures,Heap,Pattern: Top K Elements,K Range Sum,Medium,https://www.codeintuition.io/courses/heap/6DAvVPmH4tS6OJr97YEd-
Data Structures,Heap,Pattern: Top K Elements,K Sorted Array Sorting,Medium,https://www.codeintuition.io/courses/heap/I8ynVbs5r819jYdI6o11v
Data Structures,Heap,Pattern: Comparator,K Most Frequent Elements,Medium,https://www.codeintuition.io/courses/heap/cD-XgXSyNYSmN2IJjD6Pl
Data Structures,Heap,Pattern: Comparator,K Smallest Sum Pairs,Medium,https://www.codeintuition.io/courses/heap/xfNz2iXJYJN7WQAcDMvTP
Data Structures,Heap,Pattern: Comparator,K Closest Values,Hard,https://www.codeintuition.io/courses/heap/Ka69_LQ5Or9B5pjg2uLzz
Data Structures,Heap,Pattern: Comparator,K Arrays Smallest Range,Hard,https://www.codeintuition.io/courses/heap/nU135-Grjo9K9HC2MMuy1
Data Structures,Heap,Pattern: Comparator,K-Way List Merge,Hard,https://www.codeintuition.io/courses/heap/H0kGqCN1NkxZm0WG5bw3T
Data Structures,Heap,Design,Design a Max Heap,Hard,https://www.codeintuition.io/courses/heap/K90rGym10cF5puI7UKBTD
Data Structures,Heap,Design,Design a Min Heap,Hard,https://www.codeintuition.io/courses/heap/LcNwmyen38c2QNOAbWa9p
Data Structures,Heap,Design,Design a Median Finder,Hard,https://www.codeintuition.io/courses/heap/3Ou91Ct18G0qQzdMLu-Ta
Data Structures,Graph,Adjacency List,Clone Adjacency List,Fundamental,https://www.codeintuition.io/courses/graph/Rd9aMW6SvJrnKy3ehxzn6
Data Structures,Graph,Adjacency List,Adjacency List to Adjacency Matrix,Fundamental,https://www.codeintuition.io/courses/graph/I2OTZIO8GasJLFc4iqXmX
Data Structures,Graph,Adjacency List,Adjacency Matrix to Adjacency List,Fundamental,https://www.codeintuition.io/courses/graph/Mpw-_e9Qide8tpIhKxB-j
Data Structures,Graph,Traversal,Implement Depth First Traversal,Fundamental,https://www.codeintuition.io/courses/graph/u_Icr5MZsICiOaPWh_yYN
Data Structures,Graph,Traversal,Implement Breadth First Traversal,Fundamental,https://www.codeintuition.io/courses/graph/nJUgszWaOnGhCoxv_JE1B
Data Structures,Graph,Grid Traversal,Implement Depth First Traversal on a Grid,Fundamental,https://www.codeintuition.io/courses/graph/fPQ_7TnVRa9_fLugMZNj8
Data Structures,Graph,Grid Traversal,Implement Breadth First Traversal on a Grid,Fundamental,https://www.codeintuition.io/courses/graph/H53XFDnx-d7-TMXIHAOex
Data Structures,Graph,Cycle Detection,Detect Cycle in an Undirected Graph,Medium,https://www.codeintuition.io/courses/graph/HXOH66HAxE6njK3KQaE0P
Data Structures,Graph,Cycle Detection,Detect Cycle in a Directed Graph,Medium,https://www.codeintuition.io/courses/graph/dFols_jl73vBsZb6cJD06
Data Structures,Graph,Topological Sort,Implement Topological Sort,Medium,https://www.codeintuition.io/courses/graph/I1gTmJZGNKBO7RUzWaay6
Data Structures,Graph,Topological Sort,Implement Topological Sort II,Medium,https://www.codeintuition.io/courses/graph/Cr5jP6nRIeSF0NyLzt0t0
Data Structures,Graph,Single Source Shortest Path,Implement Dijkstra's Algorithm,Hard,https://www.codeintuition.io/courses/graph/JofDmqdWz14fVjXGvJTn8
Data Structures,Graph,Single Source Shortest Path,Implement Bellman-Ford Algorithm,Medium,https://www.codeintuition.io/courses/graph/zgEMuM5b8LxP43-jILEnW
Data Structures,Graph,All Pairs Shortest Path,Implement Floyd-Warshall Algorithm,Medium,https://www.codeintuition.io/courses/graph/YeJ7NYNPULVC7kYnufVih
Data Structures,Graph,Max-Flow Min-Cut,Find Maximum Flow,Hard,https://www.codeintuition.io/courses/graph/TwiBfdowWEPheQ7ehQf0n
Data Structures,Graph,Maximum Bipartite Matching,Maximum Bipartite Matching,Medium,https://www.codeintuition.io/courses/graph/bshYbGVQVwfDZ1a5KD3Jo
Data Structures,Graph,Maximum Bipartite Matching,Maximum Bipartite Matching II,Medium,https://www.codeintuition.io/courses/graph/OGpc8catbRQWrMf-U1xiz
Data Structures,Graph,Pattern: Depth-First Search,Source to Target Paths,Medium,https://www.codeintuition.io/courses/graph/YAQ6SYOEpo45NOYGIxPbJ
Data Structures,Graph,Pattern: Depth-First Search,Target Paths,Medium,https://www.codeintuition.io/courses/graph/EQ7W4YKkuz_B0SwKD3U9C
Data Structures,Graph,Pattern: Depth-First Search,Hamiltonian Paths,Medium,https://www.codeintuition.io/courses/graph/CSkjAX5VBcSN8EZhUGCXu
Data Structures,Graph,Pattern: Depth-First Search,Simple Cycles,Medium,https://www.codeintuition.io/courses/graph/emSEXkb3MdqLuIagVIF9v
Data Structures,Graph,Pattern: Connected Components,Find Connected Components,Medium,https://www.codeintuition.io/courses/graph/r-hypxidEdhQpa-YR8nEf
Data Structures,Graph,Pattern: Connected Components,Sum of Minimums,Medium,https://www.codeintuition.io/courses/graph/Ze-8eP2NzJRlup0ygUE4G
Data Structures,Graph,Pattern: Connected Components,Island Count,Medium,https://www.codeintuition.io/courses/graph/Q_OhyAUkXjXlaEVpLJe2W
Data Structures,Graph,Pattern: Connected Components,Size of Largest Island,Medium,https://www.codeintuition.io/courses/graph/IWbi2EbaG3iy7jd5-2FCm
Data Structures,Graph,Pattern: Two Colouring,Two Colourable,Medium,https://www.codeintuition.io/courses/graph/AwEzAoVhKEs0pakLFP_2A
Data Structures,Graph,Pattern: Two Colouring,Dislike Pairs,Medium,https://www.codeintuition.io/courses/graph/zhHnB4AHN8wrkQXOH2qtR
Data Structures,Graph,Pattern: Two Colouring,Colour Repair,Medium,https://www.codeintuition.io/courses/graph/wY_mxngQqzdu2-ejV7t00
Data Structures,Graph,Pattern: Two Colouring,Group Colourable,Medium,https://www.codeintuition.io/courses/graph/kyRHVbg58S8IrwA4EPMBo
Data Structures,Graph,Pattern: Shortest Path (BFS),Minimum Steps in a Grid,Medium,https://www.codeintuition.io/courses/graph/u9b3qxlI8BZH4xiAnGClr
Data Structures,Graph,Pattern: Shortest Path (BFS),Nearest Distance,Medium,https://www.codeintuition.io/courses/graph/wHh6bANWBO81Hu3IecYC8
Data Structures,Graph,Pattern: Shortest Path (BFS),Shortest Word Transformation,Hard,https://www.codeintuition.io/courses/graph/sDDkne7vpNxgvlCOHoytF
Data Structures,Graph,Pattern: Shortest Path (BFS),Minimum Steps in a Grid II,Hard,https://www.codeintuition.io/courses/graph/9oqyM4Nh3e_lg_5yp5SyP
Data Structures,Graph,Pattern: Shortest Path (Dijkstra),Minimum Cost Path,Medium,https://www.codeintuition.io/courses/graph/WyqQO1jwL-ozX3UoJOBWU
Data Structures,Graph,Pattern: Shortest Path (Dijkstra),Cheapest Flights,Hard,https://www.codeintuition.io/courses/graph/XcZT_wTDfjjgWn9xTMFuk
Data Structures,Graph,Pattern: Shortest Path (Dijkstra),Minimum Travel Time,Hard,https://www.codeintuition.io/courses/graph/Zih4sFy1Ij7mwEsvVgCTe
Data Structures,Graph,Pattern: Shortest Path (Dijkstra),Teleporter Grid,Hard,https://www.codeintuition.io/courses/graph/YjnlHZqjO-GMPrhCMgT8l
Algorithms,Recursion,Pattern: Head Recursion,Forward Sequence,Fundamental,https://www.codeintuition.io/courses/recursion/iQZVBX68RblqORN5m4VR1
Algorithms,Recursion,Pattern: Head Recursion,Calculate Factorial,Easy,https://www.codeintuition.io/courses/recursion/ngLiy7xAykAsqS4W6ci_7
Algorithms,Recursion,Pattern: Head Recursion,Sum of Digits,Easy,https://www.codeintuition.io/courses/recursion/oiI4KVZJ5IiQ7QoJLipgi
Algorithms,Recursion,Pattern: Head Recursion,Reverse a Queue,Easy,https://www.codeintuition.io/courses/recursion/HjaQYnCoxjqOkIvUb9vcW
Algorithms,Recursion,Pattern: Tail Recursion,Reverse Sequence,Fundamental,https://www.codeintuition.io/courses/recursion/P_6VoX7uB5lZv7LjjSCHj
Algorithms,Recursion,Pattern: Tail Recursion,Search Element,Easy,https://www.codeintuition.io/courses/recursion/zDmzqOTS2xd5CP0HUENFp
Algorithms,Recursion,Pattern: Tail Recursion,Is Palindrome,Easy,https://www.codeintuition.io/courses/recursion/LYO4SeOabg9R7a3FrO-H6
Algorithms,Recursion,Pattern: Tail Recursion,Reverse a List,Medium,https://www.codeintuition.io/courses/recursion/2ZNHf67nfwnoDWEr7AnnO
Algorithms,Recursion,Pattern: Multiple Recursion,Fibonacci Number,Fundamental,https://www.codeintuition.io/courses/recursion/bFHj-rMHhgF7349vbyI6s
Algorithms,Recursion,Pattern: Multiple Recursion,Zigzag Sequence,Easy,https://www.codeintuition.io/courses/recursion/-f6UX_lI7gJuPPD7nnty8
Algorithms,Recursion,Pattern: Multiple Recursion,Climb Stairs,Easy,https://www.codeintuition.io/courses/recursion/ojKyMVqi0nOuFByKhiiX9
Algorithms,Recursion,Pattern: Multiple Recursion,Catalan Number,Medium,https://www.codeintuition.io/courses/recursion/hL3nerC7aAavgjMsMUlyH
Algorithms,Recursion,Pattern: Multidimensional Recursion,Binomial Coefficient,Fundamental,https://www.codeintuition.io/courses/recursion/z24pNska2eWOHK1M6kSBa
Algorithms,Recursion,Pattern: Multidimensional Recursion,Lattice Paths,Easy,https://www.codeintuition.io/courses/recursion/lhYFpqwcwrarVFfw7wfZg
Algorithms,Recursion,Pattern: Multidimensional Recursion,Ackermann Function,Medium,https://www.codeintuition.io/courses/recursion/JYJielMoq4_ttu0pf9jsH
Algorithms,Recursion,Pattern: Multidimensional Recursion,Egg Dropping,Hard,https://www.codeintuition.io/courses/recursion/qEXs1iRdxBpFFtTsiScz4
Algorithms,Backtracking,Pattern: Unconditional Enumeration,Unique Subsets,Medium,https://www.codeintuition.io/courses/backtracking/Ay1v4Se4C70fEpzrhyxOx
Algorithms,Backtracking,Pattern: Unconditional Enumeration,Case Transformations,Medium,https://www.codeintuition.io/courses/backtracking/JkLgJH7l765_QdNMGqfIY
Algorithms,Backtracking,Pattern: Unconditional Enumeration,Number Sequence,Medium,https://www.codeintuition.io/courses/backtracking/b6KNxc-nHELQzUrZ1t_gT
Algorithms,Backtracking,Pattern: Unconditional Enumeration,Phone Combinations,Medium,https://www.codeintuition.io/courses/backtracking/6CnDCrcxNm3TktPwVWrvN
Algorithms,Backtracking,Pattern: Conditional Enumeration,Generate Parentheses,Medium,https://www.codeintuition.io/courses/backtracking/-xhgaEmiz9mw4lW6l_CFC
Algorithms,Backtracking,Pattern: Conditional Enumeration,Target Sum Combinations,Medium,https://www.codeintuition.io/courses/backtracking/cSpk4BcXCiyL89PTOFCyM
Algorithms,Backtracking,Pattern: Conditional Enumeration,Generate IP Addresses,Medium,https://www.codeintuition.io/courses/backtracking/sBQbNSN0kLWVCOqmnUC4j
Algorithms,Backtracking,Pattern: Conditional Enumeration,String Permutations,Medium,https://www.codeintuition.io/courses/backtracking/5_fmXxS8tuCRVuwe5Rker
Algorithms,Backtracking,Pattern: Backtracking Search,Rat in a Maze,Medium,https://www.codeintuition.io/courses/backtracking/G6WH8mkrcEVLpChdh2UZX
Algorithms,Backtracking,Pattern: Backtracking Search,Word Quest,Medium,https://www.codeintuition.io/courses/backtracking/Jx2geD7obrIkWRMpKvooM
Algorithms,Backtracking,Pattern: Backtracking Search,Solve N-Queens,Hard,https://www.codeintuition.io/courses/backtracking/aOHZJV039vJZ88YrHpFmq
Algorithms,Backtracking,Pattern: Backtracking Search,Solve Sudoku,Hard,https://www.codeintuition.io/courses/backtracking/x1cupNE3e76txSET4y8Iy
Algorithms,Sorting,Introduction,Order Check,Fundamental,https://www.codeintuition.io/courses/sorting/WcmO5RUhlhJBXrlw0UpW6
Algorithms,Sorting,Algorithms,Implement Bubble Sort,Fundamental,https://www.codeintuition.io/courses/sorting/pY5GcGq5MmQ17SJ2aM9tv
Algorithms,Sorting,Algorithms,Implement Selection Sort,Fundamental,https://www.codeintuition.io/courses/sorting/OdD4WH8lYJ8JHDChTh8rC
Algorithms,Sorting,Algorithms,Implement Insertion Sort,Fundamental,https://www.codeintuition.io/courses/sorting/qma1I4LM2mxjJ6JJbnvrd
Algorithms,Sorting,Algorithms,Implement Counting Sort,Fundamental,https://www.codeintuition.io/courses/sorting/cxooidm21KRPdj9j5W-in
Algorithms,Sorting,Algorithms,Implement Quicksort,Fundamental,https://www.codeintuition.io/courses/sorting/YJWZKriP8Xcaj76gsCENl
Algorithms,Sorting,Algorithms,Top K Elements,Medium,https://www.codeintuition.io/courses/sorting/JuiqKHOahjYjzdWgXBWAa
Algorithms,Sorting,Algorithms,Implement Dutch National Flag Sort,Fundamental,https://www.codeintuition.io/courses/sorting/qCYvWlk7TvS8I1Jc_eETr
Algorithms,Sorting,Algorithms,Implement Three Way Quicksort,Fundamental,https://www.codeintuition.io/courses/sorting/VzN4ubzWtequZ9kJtTWpX
Algorithms,Sorting,Algorithms,Implement Merge Sort,Fundamental,https://www.codeintuition.io/courses/sorting/bEnqD-CivYaJtomUYd-FF
Algorithms,Sorting,Algorithms,Count Inversions,Medium,https://www.codeintuition.io/courses/sorting/5wTNfegk-TOpQMNmI-w0N
Algorithms,Sorting,Algorithms,Implement Heapsort,Fundamental,https://www.codeintuition.io/courses/sorting/BQZwDgEDoN9hwKbYvDYS8
Algorithms,Sorting,Pattern: Quickselect,Kth Smallest Element,Easy,https://www.codeintuition.io/courses/sorting/7VjnoNxovsDxEKXpVNrfu
Algorithms,Sorting,Pattern: Quickselect,Median Finder,Easy,https://www.codeintuition.io/courses/sorting/fU7KO3mY0fHV9M_R6j1Lh
Algorithms,Sorting,Pattern: Quickselect,K Closest Elements,Medium,https://www.codeintuition.io/courses/sorting/PYZvDPNTwxquoKTCWlUhv
Algorithms,Sorting,Pattern: Quickselect,K Most Frequent Elements,Medium,https://www.codeintuition.io/courses/sorting/S3XXvpyz2gD_8-O0GU5fi
Algorithms,Sorting,Pattern: Custom Compare,Bitwise Sort,Easy,https://www.codeintuition.io/courses/sorting/kGQPICWk2CXuiJkx6HyeZ
Algorithms,Sorting,Pattern: Custom Compare,Sort Characters By Frequency,Medium,https://www.codeintuition.io/courses/sorting/LtTrPlgTKc-9tNFZ8ZIcV
Algorithms,Sorting,Pattern: Custom Compare,Largest Number,Medium,https://www.codeintuition.io/courses/sorting/ANzky0r0VbE8PHhwPnGun
Algorithms,Sorting,Pattern: Custom Compare,Sort People By Height,Medium,https://www.codeintuition.io/courses/sorting/My573FzAXiSkAmpe5W5UA
Algorithms,Searching,Fundamentals,Implement Binary Search,Fundamental,https://www.codeintuition.io/courses/searching/PBdnjdNwp9rspx8XLO1MY
Algorithms,Searching,Fundamentals,Implement Lower Bound,Fundamental,https://www.codeintuition.io/courses/searching/seWt3TNtOY6ldiBXiYAmH
Algorithms,Searching,Fundamentals,Implement Upper Bound,Fundamental,https://www.codeintuition.io/courses/searching/hL6NT_WG6WWIxHaHf6Y3s
Algorithms,Searching,Fundamentals,Implement 2D Binary Search,Fundamental,https://www.codeintuition.io/courses/searching/S9iSbWteFnBg39xlPdV5z
Algorithms,Searching,Fundamentals,Implement Staircase Search,Fundamental,https://www.codeintuition.io/courses/searching/Bc3Y3es59RoyTEWNxV9Ob
Algorithms,Searching,Sorted Rotated Array,Rotated Array Minimum,Medium,https://www.codeintuition.io/courses/searching/uafx7oD0fagguQ7GGgE32
Algorithms,Searching,Sorted Rotated Array,Rotated Array Search,Medium,https://www.codeintuition.io/courses/searching/aKjYFwKysweU0f0SvFSj4
Algorithms,Searching,Pattern: Binary Search,Recovery Validation,Easy,https://www.codeintuition.io/courses/searching/BJC8iQgPSsJurHM3g1xlR
Algorithms,Searching,Pattern: Binary Search,Reverse Binary Search,Easy,https://www.codeintuition.io/courses/searching/cs7NigQ74SEQomA_vBsUD
Algorithms,Searching,Pattern: Binary Search,Minimum Shared Element,Medium,https://www.codeintuition.io/courses/searching/5nnFpTWqtJMEcRHWAvohn
Algorithms,Searching,Pattern: Binary Search,Intersecting Elements,Medium,https://www.codeintuition.io/courses/searching/VoFsTSZTPnA-p171Mvacn
Algorithms,Searching,Pattern: Lower Bound,Search Insert Position,Easy,https://www.codeintuition.io/courses/searching/yV_AnxyZikIxODGrhg0xk
Algorithms,Searching,Pattern: Lower Bound,First and Last Position,Medium,https://www.codeintuition.io/courses/searching/PzJX5QrchqNrHHPXcEvxT
Algorithms,Searching,Pattern: Lower Bound,Closest Element,Medium,https://www.codeintuition.io/courses/searching/ucZF0XQ8r_sTiKL8Mz4KO
Algorithms,Searching,Pattern: Lower Bound,K Closest Elements,Medium,https://www.codeintuition.io/courses/searching/FC2B3-BERAkzGghr4ftC1
Algorithms,Searching,Pattern: Upper Bound,Limit Count,Easy,https://www.codeintuition.io/courses/searching/mjKxw-6evdyjRaa-1QLgI
Algorithms,Searching,Pattern: Upper Bound,Positive Index,Easy,https://www.codeintuition.io/courses/searching/2C1bTVU4LazyaauGWHk1v
Algorithms,Searching,Pattern: Upper Bound,Ceiling Index,Easy,https://www.codeintuition.io/courses/searching/Cqbi1t_vWwChHs_QPYz0a
Algorithms,Searching,Pattern: Upper Bound,Breaking Index,Easy,https://www.codeintuition.io/courses/searching/drilNuAauBSCaxrXpPKOt
Algorithms,Searching,Pattern: Minimum Predicate Search,Punctual Arrival Speed,Medium,https://www.codeintuition.io/courses/searching/BBW1lqQsy_CkJayBMckzM
Algorithms,Searching,Pattern: Minimum Predicate Search,Penalty With Balls,Medium,https://www.codeintuition.io/courses/searching/xQ7pAmpG-Up4uHUCd2rS9
Algorithms,Searching,Pattern: Minimum Predicate Search,Minimum Shipping Capacity,Medium,https://www.codeintuition.io/courses/searching/ke266Y-PVh5hOSYdfs0gV
Algorithms,Searching,Pattern: Minimum Predicate Search,Trip Completion Frenzy,Medium,https://www.codeintuition.io/courses/searching/9FWiQSJuhqx7ps6KgUg9n
Algorithms,Searching,Pattern: Maximum Predicate Search,Calculate Square Root,Easy,https://www.codeintuition.io/courses/searching/9wr9aI8J94fcWy6DNamE0
Algorithms,Searching,Pattern: Maximum Predicate Search,Build Staircase,Easy,https://www.codeintuition.io/courses/searching/0manbJXDpn5idUwtOOGSJ
Algorithms,Searching,Pattern: Maximum Predicate Search,K Ribbons,Medium,https://www.codeintuition.io/courses/searching/Yp2zWpXUa74ainlhr4nlM
Algorithms,Searching,Pattern: Maximum Predicate Search,Equalise Water,Medium,https://www.codeintuition.io/courses/searching/JKDOgf2409LyYslQdyx3K
Algorithms,Dynamic Programming,Linear DP,Calculate Factorial,Easy,https://www.codeintuition.io/courses/dynamic-programming/05lHLnv4CQAa8K_Jgk4H3
Algorithms,Dynamic Programming,Linear DP,Nth Fibonacci Number,Easy,https://www.codeintuition.io/courses/dynamic-programming/uRxHvCRliysHgQbAUY-QE
Algorithms,Dynamic Programming,Longest Increasing Subsequence,Longest Increasing Subsequence,Medium,https://www.codeintuition.io/courses/dynamic-programming/rlkw-9IAks8-Zg490Cw1B
Algorithms,Dynamic Programming,Longest Increasing Subsequence,Largest Sum Ascending Subsequence,Medium,https://www.codeintuition.io/courses/dynamic-programming/97EgllV_xiRJSC4xv7str
Algorithms,Dynamic Programming,Longest Common Subsequence,Longest Common Subsequence,Medium,https://www.codeintuition.io/courses/dynamic-programming/GahBC3SAIoE1HnTAIVOju
Algorithms,Dynamic Programming,Longest Common Subsequence,Longest Common Subsequence II,Medium,https://www.codeintuition.io/courses/dynamic-programming/-XwsueeIkYwlzUz6M8oPM
Algorithms,Dynamic Programming,Longest Common Substring,Longest Common Substring,Medium,https://www.codeintuition.io/courses/dynamic-programming/Uhq0TpQ-rUqCnds-B7zD1
Algorithms,Dynamic Programming,Edit Distance,Edit Distance,Hard,https://www.codeintuition.io/courses/dynamic-programming/aVBcAVrH2vqV2gG0_EwCc
Algorithms,Dynamic Programming,Longest Palindromic Subsequence,Longest Palindromic Subsequence,Medium,https://www.codeintuition.io/courses/dynamic-programming/tYXtPAkGl4bF4dN8qIOsW
Algorithms,Dynamic Programming,Palindrome Partitioning,Minimum Partitioning,Hard,https://www.codeintuition.io/courses/dynamic-programming/uvvpQ5MfP_E345E0lv4K7
Algorithms,Dynamic Programming,Palindrome Partitioning,Word Break,Medium,https://www.codeintuition.io/courses/dynamic-programming/H-iN-En_KSW1dniimvY5T
Algorithms,Dynamic Programming,0/1 Knapsack,Zero One Knapsack,Medium,https://www.codeintuition.io/courses/dynamic-programming/xwh8P_L8M5z3-setj0Rud
Algorithms,Dynamic Programming,0/1 Knapsack,Zero One Knapsack II,Hard,https://www.codeintuition.io/courses/dynamic-programming/Qud5ysXqVE-qHci4xSAwb
Algorithms,Dynamic Programming,0/1 Knapsack,Subset Sum,Medium,https://www.codeintuition.io/courses/dynamic-programming/lbZv-5NdD4LMe9Hn0BKEl
Algorithms,Dynamic Programming,Unbounded Knapsack,Rod Cutting,Medium,https://www.codeintuition.io/courses/dynamic-programming/Rvi2-KAOlmvs_FLz_gijw
Algorithms,Dynamic Programming,Unbounded Knapsack,Coin Change,Medium,https://www.codeintuition.io/courses/dynamic-programming/6pNCAXrkzkQUdE3g1ej46
Algorithms,Dynamic Programming,Counting Knapsack,Coin Change II,Medium,https://www.codeintuition.io/courses/dynamic-programming/KPDxhG_wND2MR9velaKAi
Algorithms,Dynamic Programming,Matrix Chain Multiplication,Matrix Chain Multiplication,Hard,https://www.codeintuition.io/courses/dynamic-programming/zTeDuROagNWbkrPUt_WJR
Algorithms,Dynamic Programming,Pattern: Edit Distance,Wildcard Pattern Matching,Hard,https://www.codeintuition.io/courses/dynamic-programming/IrEO5AhGbWVb3yv8WePLk
Algorithms,Dynamic Programming,Pattern: Edit Distance,Interleaving Check,Medium,https://www.codeintuition.io/courses/dynamic-programming/mllOiyApktd24m9sajeQ5
Algorithms,Dynamic Programming,Pattern: Subset Sum,Partition With Equal Sum,Medium,https://www.codeintuition.io/courses/dynamic-programming/qpKACB7Mzg04HRuUSExs6
Algorithms,Dynamic Programming,Pattern: Subset Sum,Sets With Smallest Discrepancy,Medium,https://www.codeintuition.io/courses/dynamic-programming/BWaq9rBQ0GoxNkAOhfEyi
Algorithms,Dynamic Programming,Pattern: 2D Grid,Longest Ascending Route,Hard,https://www.codeintuition.io/courses/dynamic-programming/OQPvpzjZlAt3K4f7lBKTq
Algorithms,Dynamic Programming,Pattern: 2D Grid,Largest Square Area,Medium,https://www.codeintuition.io/courses/dynamic-programming/EI-eVNzLUoJhFwrADxb0Q
Algorithms,Dynamic Programming,Pattern: 2D Grid,Destination Path Count,Medium,https://www.codeintuition.io/courses/dynamic-programming/UculVtm70N4_cb2ysgfIE
Algorithms,Dynamic Programming,Pattern: 2D Grid,Largest Plus of 1's,Medium,https://www.codeintuition.io/courses/dynamic-programming/0mC8-zg58WzJ3QuRn0Bhz
Algorithms,Dynamic Programming,Pattern: Prefix Sum,K Limited Submatrix Sum,Medium,https://www.codeintuition.io/courses/dynamic-programming/lQSwNnIcIEtizSVHyg718
Algorithms,Dynamic Programming,Pattern: Prefix Sum,Maximum Submatrix Sum,Medium,https://www.codeintuition.io/courses/dynamic-programming/f-PBeUnnSH_rC4Wx64g6t
Algorithms,Dynamic Programming,Pattern: Prefix Sum,Design a Range Sum Finder,Medium,https://www.codeintuition.io/courses/dynamic-programming/c3I_Xwt_fYGBDgaV_9nwx
Algorithms,Dynamic Programming,Practice,Covering Distance,Easy,https://www.codeintuition.io/courses/dynamic-programming/JV31MYDwwh8B947vDLX6e
Algorithms,Dynamic Programming,Practice,Reachability Check,Medium,https://www.codeintuition.io/courses/dynamic-programming/dZQ8rMn0hzzvVsaOvWF8V
Algorithms,Dynamic Programming,Practice,Longest Bitonic Subsequence,Medium,https://www.codeintuition.io/courses/dynamic-programming/TuDDIKNSX6QVBPt4UbGLG
Algorithms,Dynamic Programming,Practice,Longest Alternating Subsequence,Medium,https://www.codeintuition.io/courses/dynamic-programming/_9_dsI8a-gqXXKGUwdHtX
Algorithms,Dynamic Programming,Practice,Pattern as Subsequence,Medium,https://www.codeintuition.io/courses/dynamic-programming/r9RVAUiPpgzMLZpTozxcS
Algorithms,Dynamic Programming,Practice,Shortest Common Supersequence,Hard,https://www.codeintuition.io/courses/dynamic-programming/wEb3xhesmlEkh0rbBuQxU
Algorithms,Dynamic Programming,Practice,Longest Repeated Subsequence,Medium,https://www.codeintuition.io/courses/dynamic-programming/Xq91bx7Npqa5JEnaHqKZO
Algorithms,Bit Manipulation,Pattern: Kth Bit,Kth Bit Check,Easy,https://www.codeintuition.io/courses/bit-manipulation/VP24sx_Edac-zMt_qKN5J
Algorithms,Bit Manipulation,Pattern: Kth Bit,Set Kth Bit,Easy,https://www.codeintuition.io/courses/bit-manipulation/bZqAuR4wyCYSjT41-TJ4M
Algorithms,Bit Manipulation,Pattern: Kth Bit,Unset Kth Bit,Easy,https://www.codeintuition.io/courses/bit-manipulation/iB0gcKtGM_-sB-d_qRapG
Algorithms,Bit Manipulation,Pattern: Kth Bit,Toggle Kth Bit,Easy,https://www.codeintuition.io/courses/bit-manipulation/VjolmfO1Wuy_i9vxInZWD
Algorithms,Bit Manipulation,Pattern: Set Bit Finder,Only Set Bit,Easy,https://www.codeintuition.io/courses/bit-manipulation/JiMapCEkEc71_dLMDy53U
Algorithms,Bit Manipulation,Pattern: Set Bit Finder,Rightmost Set Bit,Easy,https://www.codeintuition.io/courses/bit-manipulation/hAVJ95svEbjondf-lNu_w
Algorithms,Bit Manipulation,Pattern: Restructuring,Reverse Bits,Easy,https://www.codeintuition.io/courses/bit-manipulation/twU6GoUZolzIXDPeJX80c
Algorithms,Bit Manipulation,Pattern: Restructuring,Circular Shift Bits,Easy,https://www.codeintuition.io/courses/bit-manipulation/3puDtfHf8xv41mmglj8s5
Algorithms,Bit Manipulation,Pattern: XOR,Have Opposite Signs,Easy,https://www.codeintuition.io/courses/bit-manipulation/SQBkCO5QLoe4C7hXrOruJ
Algorithms,Bit Manipulation,Pattern: XOR,Swap Numbers,Easy,https://www.codeintuition.io/courses/bit-manipulation/vStjmYtM1nbphmvZDt8sp
Algorithms,Bit Manipulation,Pattern: XOR,Toggle Count,Easy,https://www.codeintuition.io/courses/bit-manipulation/aFAUZBm27Doxeg1cB-wun
Algorithms,Bit Manipulation,Pattern: XOR,Odd Occurring Element,Easy,https://www.codeintuition.io/courses/bit-manipulation/r0Eo7zwnJZWk387Ix-ADH
Algorithms,Bit Manipulation,Pattern: XOR,Odd Occurring Element II,Medium,https://www.codeintuition.io/courses/bit-manipulation/T7u2teCq543wdsKwnMHGy
Algorithms,Bit Manipulation,Pattern: XOR,Duplicate Element,Medium,https://www.codeintuition.io/courses/bit-manipulation/o_l78MkfeuFGtM4MwsCwt
Algorithms,Bit Manipulation,Pattern: XOR,Missing and Duplicated Elements,Medium,https://www.codeintuition.io/courses/bit-manipulation/b2MuzYnmWH3770hzLBefl
Algorithms,Bit Manipulation,Pattern: Bitmasking,Pairwise Bits Swap,Easy,https://www.codeintuition.io/courses/bit-manipulation/kxoELtPtG7J1yrC_7Ixj0
Algorithms,Bit Manipulation,Pattern: Bitmasking,Unique Subsets,Medium,https://www.codeintuition.io/courses/bit-manipulation/N-UD4xwrSOmRT_BzqLAfS
Algorithms,Bit Manipulation,Pattern: Applications,Parity Checker,Easy,https://www.codeintuition.io/courses/bit-manipulation/yUMYDg0sRbBku6HBwN9sC
Algorithms,Bit Manipulation,Pattern: Applications,Power of 2,Easy,https://www.codeintuition.io/courses/bit-manipulation/4TM7JACNEQnvM-3Xh_y99
Algorithms,Bit Manipulation,Pattern: Applications,Parity Checker II,Easy,https://www.codeintuition.io/courses/bit-manipulation/5gTkmJBwEW4iudGngaVON
Algorithms,Bit Manipulation,Pattern: Applications,Power Function,Medium,https://www.codeintuition.io/courses/bit-manipulation/Q1ksNn2gWo2_-4JBzp9Zb
